real,pred
273.66,284.0506466347748
199.0,195.02637323651675
136.0,110.78093633962747
70.66,56.46236995539932
49.0,40.09980440567307
32.66,35.09499737925576
32.0,34.11392636243653
32.66,34.080591851552526
33.33,33.39633850947365
32.0,31.11319505050949
