runtime,cores,log(cores),number_of_files
124.61,8.0,0.90309,15
83.26,12.0,1.07918,15
62.16,16.0,1.20412,15
50.53,20.0,1.30103,15
44.39,24.0,1.38021,15
41.88,28.0,1.44716,15
