real,pred
5515.667,5948.795238095238
2566.0,2589.6688888888884
2659.667,2727.1
2733.0,2789.266666666667
