real,pred
6224.667,7971.0093699144745
4407.667,4276.263144810888
2767.0,2897.6200503448254
1893.333,1984.496127004465
