real,pred
299.33,324.97268011014205
210.0,197.8958871176445
132.33,111.63068866138502
62.33,57.39464601918566
41.33,36.61421471042122
31.33,25.764733254793875
23.33,19.373684399174905
21.33,15.455057045017526
17.0,13.105765156460137
12.33,11.85315220592291
