real,pred
367.33,388.8083134674597
251.66,238.71567307895077
171.0,137.96006025164326
85.33,79.66576486419328
60.33,58.678666340037104
52.0,47.79491201925276
44.33,41.10983537136569
38.0,36.576355756500256
40.0,33.29462614723227
38.66,30.806267855095392
