real,pred
403.33,298.72867
267.0,210.48512
175.0,156.57088
87.0,86.84257
60.0,41.66519
42.0,41.79343
31.0,30.979982
25.0,25.292656
22.33,20.797756
21.66,20.797756
